0,"55.59898,37.27483",0,8,1669345996
6,"55.59885,37.274574",0,8,1669346002
14,"55.598648,37.274197",0,8,1669346010
28,"55.598236,37.273449",0,9,1669346024
35,"55.59803,37.273075",0,11,1669346031
41,"55.597813,37.272659",0,12,1669346037
47,"55.597561,37.272179",0,13,1669346043
53,"55.597309,37.271721",0,14,1669346049
61,"55.596954,37.271076",0,13,1669346057
67,"55.596714,37.270618",0,14,1669346063
73,"55.596416,37.270058",0,15,1669346069
80,"55.596104,37.269485",0,13,1669346076
89,"55.595707,37.268738",0,13,1669346085
94,"55.595524,37.268311",0,14,1669346090
96,"55.595455,37.268101",0,15,1669346092
98,"55.595383,37.267879",0,15,1669346094
104,"55.595181,37.267143",0,16,1669346100
106,"55.595135,37.266937",0,16,1669346102
108,"55.595081,37.266697",0,17,1669346104
109,"55.595032,37.266483",0,18,1669346105
111,"55.594986,37.26627",0,18,1669346107
114,"55.594883,37.265854",0,17,1669346110
121,"55.5947,37.265022",0,16,1669346117
124,"55.594608,37.264626",0,17,1669346120
125,"55.594563,37.264397",0,18,1669346121
127,"55.594517,37.264191",0,18,1669346123
142,"55.594067,37.262234",0,15,1669346138
497,"55.597897,37.29026",825,163,1669346493
503,"55.59948,37.297382",1150,160,1669346499
509,"55.600845,37.303577",1500,155,1669346505
515,"55.602585,37.311649",1775,152,1669346511
521,"55.60405,37.318394",1975,150,1669346517
528,"55.605762,37.326393",2175,150,1669346524
534,"55.607391,37.33326",2325,150,1669346530
540,"55.609039,37.340031",2475,152,1669346536
546,"55.610699,37.347076",2625,130,1669346542
552,"55.612282,37.353943",2875,148,1669346548
558,"55.613754,37.360592",3125,142,1669346554
564,"55.615215,37.366905",3325,140,1669346560
570,"55.616703,37.373428",3475,142,1669346566
576,"55.61824,37.380398",3600,128,1669346572
579,"55.618835,37.383976",3650,145,1669346575
582,"55.619217,37.387161",3675,148,1669346578
585,"55.619476,37.3913",3700,152,1669346581
587,"55.619495,37.393257",3725,154,1669346583
590,"55.619476,37.39563",3750,156,1669346586
593,"55.619064,37.400707",3775,159,1669346589
596,"55.618427,37.404499",3800,164,1669346592
599,"55.617554,37.408447",3800,165,1669346595
603,"55.616238,37.412651",3850,174,1669346599
606,"55.615768,37.413773",3875,177,1669346602
609,"55.613251,37.419765",3900,182,1669346605
611,"55.611694,37.423096",3925,183,1669346607
613,"55.610886,37.424843",3950,186,1669346609
617,"55.608536,37.429588",3975,191,1669346613
620,"55.60688,37.432652",4000,196,1669346616
623,"55.604965,37.436245",4050,200,1669346619
626,"55.60297,37.440033",4075,203,1669346622
629,"55.600735,37.44381",4100,207,1669346625
632,"55.598465,37.447315",4125,213,1669346628
635,"55.596313,37.450249",4150,218,1669346631
638,"55.59375,37.45306",4175,223,1669346634
641,"55.59082,37.455555",4200,228,1669346637
644,"55.587616,37.457802",4250,232,1669346640
646,"55.585648,37.458969",4300,235,1669346642
650,"55.581882,37.46106",4350,240,1669346646
653,"55.578598,37.462879",4400,244,1669346649
656,"55.575027,37.464878",4450,247,1669346652
659,"55.571777,37.466793",4500,252,1669346655
662,"55.568298,37.468872",4550,254,1669346658
666,"55.564377,37.471275",4625,259,1669346662
668,"55.561157,37.473366",4700,260,1669346664
675,"55.554016,37.478027",4900,263,1669346671
681,"55.547104,37.482605",5100,266,1669346677
693,"55.533329,37.491531",5725,264,1669346689
705,"55.520233,37.5",6175,267,1669346701
717,"55.505905,37.509323",6625,272,1669346713
729,"55.491714,37.518726",7100,274,1669346725
741,"55.476955,37.528526",7600,275,1669346737
753,"55.463654,37.53912",7975,282,1669346749
756,"55.459763,37.544277",8050,285,1669346752
759,"55.456703,37.549381",8150,288,1669346755
762,"55.454468,37.554188",8250,289,1669346758
765,"55.451706,37.560925",8375,290,1669346761
768,"55.449783,37.566166",8475,292,1669346764
771,"55.447487,37.573071",8575,294,1669346767
774,"55.445763,37.578995",8675,295,1669346770
777,"55.443996,37.585342",8775,296,1669346773
780,"55.442181,37.592384",8900,297,1669346776
783,"55.440548,37.598793",9025,298,1669346779
786,"55.438686,37.606285",9125,297,1669346782
789,"55.436966,37.61311",9250,298,1669346785
792,"55.43552,37.618935",9350,299,1669346788
795,"55.433475,37.626591",9500,299,1669346791
807,"55.426212,37.652725",10000,299,1669346803
820,"55.418438,37.67886",10300,308,1669346816
832,"55.410049,37.706127",10450,319,1669346828
844,"55.401585,37.733128",10625,332,1669346840
856,"55.392563,37.761948",10775,344,1669346852
868,"55.382824,37.792969",10925,356,1669346864
880,"55.373283,37.823349",11175,364,1669346876
892,"55.363266,37.855011",11525,369,1669346888
904,"55.353149,37.886917",11975,371,1669346900
916,"55.343208,37.918396",12400,373,1669346912
949,"55.314533,38.008617",13500,381,1669346945
980,"55.288376,38.090649",14475,388,1669346976
1013,"55.259182,38.1819",15525,393,1669347009
1046,"55.229599,38.274105",16550,398,1669347042
1079,"55.198883,38.369267",17475,405,1669347075
1110,"55.170914,38.455704",18300,411,1669347106
1172,"55.111191,38.639084",20075,417,1669347168
1236,"55.049927,38.825844",21575,428,1669347232
1296,"54.990463,39.005829",22875,437,1669347292
1360,"54.924957,39.20253",24200,444,1669347356
1423,"54.858902,39.399075",25325,453,1669347419
1483,"54.79422,39.590317",26275,464,1669347479
1546,"54.725098,39.792805",27400,469,1669347542
1610,"54.654373,39.998394",28350,476,1669347606
1670,"54.58548,40.196873",29150,483,1669347666
1733,"54.512466,40.405777",29925,490,1669347729
1796,"54.43898,40.614208",30650,494,1669347792
1856,"54.366898,40.816795",31375,498,1669347852
1920,"54.290432,41.029858",32625,488,1669347916
1982,"54.217854,41.230476",33350,489,1669347978
2045,"54.142487,41.437119",33900,494,1669348041
2108,"54.065826,41.645405",34500,497,1669348104
2170,"53.989609,41.850964",35000,500,1669348166
2213,"53.933075,41.990139",35000,501,1669348209
2216,"53.927975,41.999359",35000,501,1669348212
2219,"53.923134,42.007759",35000,501,1669348215
2222,"53.918106,42.016083",35000,500,1669348218
2225,"53.9128,42.024483",35000,500,1669348221
2229,"53.90712,42.033142",35000,498,1669348225
2232,"53.903999,42.037731",35000,497,1669348228
2234,"53.898369,42.045647",35000,496,1669348230
2238,"53.89119,42.055508",35000,496,1669348234
2300,"53.779331,42.207855",35000,495,1669348296
2362,"53.669331,42.356659",35000,497,1669348358
2425,"53.55714,42.507477",35000,497,1669348421
2486,"53.446609,42.654968",35000,494,1669348482
2547,"53.337433,42.799519",35000,494,1669348543
2611,"53.225548,42.94685",35175,492,1669348607
2672,"53.110424,43.078766",35775,482,1669348668
2735,"52.985897,43.175171",36000,478,1669348731
2796,"52.861679,43.267059",36000,477,1669348792
2857,"52.741699,43.355026",36000,480,1669348853
2919,"52.613712,43.448418",36000,476,1669348915
2982,"52.487926,43.539604",36000,472,1669348978
3045,"52.363728,43.628986",36000,472,1669349041
3107,"52.238407,43.718838",36000,472,1669349103
3170,"52.111877,43.808846",36000,472,1669349166
3233,"51.986389,43.897629",36000,468,1669349229
3296,"51.860733,43.985844",36000,468,1669349292
3358,"51.73851,44.071285",36000,467,1669349354
3420,"51.617401,44.155426",36000,466,1669349416
3481,"51.496399,44.238976",36000,465,1669349477
3542,"51.37532,44.322041",36000,465,1669349538
3604,"51.251999,44.405106",36000,463,1669349600
3665,"51.127766,44.455566",36000,454,1669349661
3728,"50.999699,44.497528",36000,454,1669349724
3789,"50.874023,44.538277",36000,453,1669349785
3852,"50.743011,44.58046",36000,454,1669349848
3916,"50.612522,44.622234",36000,453,1669349912
3980,"50.480438,44.664265",36000,454,1669349976
4041,"50.355324,44.703888",36000,454,1669350037
4102,"50.231827,44.74276",36000,450,1669350098
4166,"50.102142,44.783382",36000,447,1669350162
4228,"49.975784,44.822659",36000,447,1669350224
4291,"49.847992,44.862236",36000,446,1669350287
4352,"49.725704,44.899937",36000,444,1669350348
4414,"49.598328,44.938854",36000,445,1669350410
4477,"49.472076,44.977306",36000,446,1669350473
4538,"49.34935,45.014507",36000,448,1669350534
4599,"49.226303,45.051693",36000,449,1669350595
4661,"49.099548,45.08979",36000,449,1669350657
4722,"48.973892,45.127327",36000,450,1669350718
4784,"48.848801,45.164505",36000,452,1669350780
4845,"48.722122,45.201908",36000,452,1669350841
4907,"48.593857,45.239658",36000,453,1669350903
4970,"48.46558,45.27784",36000,454,1669350966
5031,"48.342636,45.340866",36000,460,1669351027
5094,"48.223324,45.427311",36000,459,1669351090
5155,"48.106201,45.512718",36000,457,1669351151
5217,"47.990097,45.597065",36000,455,1669351213
5278,"47.875439,45.679886",36000,452,1669351274
5340,"47.759674,45.763206",36000,449,1669351336
5401,"47.644226,45.84581",36000,450,1669351397
5462,"47.529045,45.927711",36000,452,1669351458
5525,"47.412056,46.010742",36000,453,1669351521
5587,"47.295818,46.092999",36000,451,1669351583
5648,"47.179596,46.174919",36000,449,1669351644
5709,"47.070099,46.274483",36000,461,1669351705
5774,"46.978794,46.427517",36000,476,1669351770
5835,"46.905853,46.594322",36000,476,1669351831
5898,"46.831551,46.763443",36000,472,1669351894
5960,"46.758362,46.929173",36000,473,1669351956
6023,"46.683701,47.097153",36000,476,1669352019
6085,"46.610893,47.264694",36000,475,1669352081
6148,"46.536594,47.43409",36000,472,1669352144
6211,"46.462997,47.601013",36000,472,1669352207
6272,"46.390423,47.764572",36000,473,1669352268
6334,"46.319458,47.928391",36000,476,1669352330
6395,"46.267105,48.112015",36000,485,1669352391
6458,"46.235172,48.310661",36000,489,1669352454
6507,"46.207352,48.463573",36000,482,1669352503
6511,"46.203701,48.475388",36000,481,1669352507
6514,"46.200302,48.485413",36000,479,1669352510
6517,"46.197231,48.49379",36000,479,1669352513
6521,"46.193527,48.503166",36000,477,1669352517
6524,"46.189922,48.511711",36000,475,1669352520
6527,"46.18602,48.520248",36000,474,1669352523
6531,"46.181625,48.529289",36000,473,1669352527
6534,"46.17754,48.537186",36000,471,1669352530
6537,"46.173164,48.545082",36000,470,1669352533
6540,"46.168739,48.552567",36000,468,1669352536
6543,"46.164322,48.559704",36000,467,1669352539
6547,"46.159012,48.567673",36000,465,1669352543
6550,"46.154636,48.573853",36000,464,1669352546
6553,"46.149467,48.580788",36000,463,1669352549
6556,"46.143677,48.588039",36000,461,1669352552
6560,"46.138,48.594742",36000,460,1669352556
6563,"46.133083,48.600151",36000,459,1669352559
6566,"46.128056,48.605438",36000,457,1669352562
6569,"46.121582,48.611755",36000,456,1669352565
6573,"46.11644,48.616444",36000,455,1669352569
6576,"46.110409,48.621643",36000,453,1669352572
6579,"46.104733,48.626244",36000,452,1669352575
6582,"46.098038,48.631184",36000,451,1669352578
6586,"46.091465,48.635719",36000,450,1669352582
6589,"46.086411,48.638954",36000,448,1669352585
6592,"46.080505,48.642502",36000,447,1669352588
6595,"46.073273,48.646389",36000,445,1669352591
6599,"46.067413,48.649338",36000,444,1669352595
6601,"46.061462,48.652016",36000,444,1669352597
6605,"46.054409,48.654945",36000,443,1669352601
6608,"46.048122,48.657555",36000,442,1669352604
6612,"46.040634,48.660591",36000,443,1669352608
6615,"46.034531,48.663116",36000,443,1669352611
6677,"45.91312,48.71228",36000,442,1669352673
6739,"45.791153,48.761009",36000,443,1669352735
6801,"45.667694,48.810246",36000,444,1669352797
6863,"45.545685,48.858612",36000,446,1669352859
6925,"45.422012,48.907406",36000,446,1669352921
6987,"45.298214,48.956017",36000,450,1669352983
7050,"45.173264,49.00491",36000,450,1669353046
7112,"45.048935,49.053303",36000,450,1669353108
7174,"44.923737,49.101757",36000,454,1669353170
7236,"44.79731,49.150486",36000,453,1669353232
7299,"44.6716,49.198673",36000,450,1669353295
7362,"44.546162,49.246616",36000,448,1669353358
7424,"44.422287,49.293713",36000,446,1669353420
7486,"44.297806,49.340874",36000,444,1669353482
7547,"44.178177,49.385971",36000,441,1669353543
7609,"44.05426,49.432472",36000,442,1669353605
7652,"43.969566,49.458618",36000,437,1669353648
7655,"43.963467,49.459206",36000,436,1669353651
7658,"43.957581,49.459492",36000,436,1669353654
7661,"43.951412,49.459534",36000,436,1669353657
7664,"43.945267,49.459427",36000,435,1669353660
7668,"43.939407,49.459045",36000,434,1669353664
7671,"43.933208,49.458355",36000,434,1669353667
7674,"43.927341,49.457508",36000,433,1669353670
7677,"43.923527,49.456852",36000,433,1669353673
7680,"43.915565,49.455151",36000,432,1669353676
7683,"43.909187,49.453453",36000,431,1669353679
7686,"43.903244,49.451698",36000,431,1669353682
7689,"43.897179,49.449593",36000,431,1669353685
7692,"43.890938,49.447174",36000,431,1669353688
7695,"43.885117,49.444672",36000,430,1669353691
7698,"43.87912,49.441799",36000,429,1669353694
7701,"43.873535,49.438858",36000,429,1669353697
7704,"43.867336,49.435337",36000,429,1669353700
7707,"43.862183,49.432217",36000,428,1669353703
7710,"43.856918,49.428703",36000,428,1669353706
7713,"43.851288,49.424744",36000,427,1669353709
7717,"43.846252,49.42091",36000,427,1669353713
7720,"43.840622,49.416378",36000,427,1669353716
7723,"43.835678,49.412098",36000,427,1669353719
7726,"43.831146,49.407944",36000,427,1669353722
7729,"43.825581,49.402576",36000,427,1669353725
7732,"43.821121,49.39798",36000,426,1669353728
7735,"43.816315,49.392807",36000,426,1669353731
7738,"43.812241,49.388145",36000,426,1669353734
7741,"43.807796,49.382694",36000,426,1669353737
7744,"43.803497,49.37722",36000,426,1669353740
7747,"43.799046,49.371185",36000,425,1669353743
7750,"43.794483,49.364582",36000,425,1669353746
7753,"43.790726,49.358891",36000,426,1669353749
7756,"43.786697,49.35244",36000,426,1669353752
7759,"43.782845,49.346008",36000,426,1669353755
7762,"43.778961,49.339535",36000,426,1669353758
7765,"43.775116,49.333084",36000,426,1669353761
7768,"43.771534,49.32711",36000,426,1669353764
7829,"43.695187,49.199066",36000,427,1669353825
7892,"43.616501,49.067177",36000,426,1669353888
7955,"43.538166,48.936504",36000,424,1669353951
8010,"43.467316,48.824879",35925,422,1669354006
8013,"43.462425,48.819908",35900,422,1669354009
8016,"43.457443,48.815266",35875,421,1669354012
8019,"43.453125,48.811554",35825,421,1669354015
8022,"43.447857,48.807484",35800,422,1669354018
8025,"43.442081,48.803364",35775,423,1669354021
8028,"43.437519,48.800419",35750,423,1669354024
8031,"43.431931,48.797054",35725,424,1669354027
8034,"43.426487,48.79414",35700,424,1669354030
8037,"43.420063,48.791069",35650,426,1669354033
8040,"43.414433,48.788715",35625,426,1669354036
8043,"43.408813,48.786644",35600,427,1669354039
8046,"43.403,48.784855",35575,428,1669354042
8049,"43.396881,48.783287",35525,428,1669354045
8052,"43.39119,48.781979",35500,429,1669354048
8055,"43.385422,48.780766",35475,429,1669354051
8058,"43.378464,48.779297",35450,430,1669354054
8061,"43.372742,48.778084",35425,429,1669354057
8064,"43.366791,48.776806",35375,430,1669354060
8067,"43.360382,48.775528",35350,430,1669354063
8128,"43.242233,48.752289",35000,430,1669354124
8190,"43.121201,48.728325",35000,429,1669354186
8254,"42.995087,48.703541",35000,430,1669354250
8315,"42.873447,48.679699",35000,431,1669354311
8377,"42.753204,48.656212",35000,431,1669354373
8438,"42.632072,48.632641",35000,431,1669354434
8499,"42.512386,48.609455",35000,431,1669354495
8560,"42.390373,48.585888",35000,431,1669354556
8622,"42.268845,48.562504",35000,432,1669354618
8682,"42.148178,48.539345",35000,432,1669354678
8745,"42.024334,48.515751",35000,431,1669354741
8807,"41.903732,48.49284",35000,430,1669354803
8870,"41.77803,48.470745",35000,429,1669354866
8890,"41.738689,48.470787",35000,430,1669354886
8933,"41.655212,48.490093",35000,434,1669354929
8936,"41.648575,48.49284",35000,434,1669354932
8939,"41.642853,48.495338",35000,434,1669354935
8942,"41.637299,48.497932",35000,435,1669354938
8945,"41.631573,48.500744",35000,436,1669354941
8948,"41.625614,48.503746",35000,436,1669354944
8951,"41.620193,48.506699",35000,435,1669354947
8954,"41.614792,48.509758",35000,436,1669354950
8957,"41.608246,48.513626",35000,436,1669354953
8960,"41.60289,48.516998",35000,436,1669354956
8963,"41.597397,48.520557",35000,436,1669354959
8966,"41.592468,48.52393",35000,438,1669354962
8969,"41.587006,48.527798",35000,438,1669354965
8972,"41.581436,48.531849",35000,438,1669354968
8975,"41.575699,48.536285",35000,439,1669354971
8978,"41.570297,48.540592",35000,439,1669354974
9039,"41.4673,48.627422",35000,440,1669355035
9100,"41.361942,48.716125",35000,444,1669355096
9160,"41.255524,48.805389",35000,446,1669355156
9224,"41.144871,48.897961",35000,442,1669355220
9286,"41.039383,48.985851",35000,442,1669355282
9347,"40.933521,49.073681",35000,445,1669355343
9408,"40.826569,49.16217",35000,443,1669355404
9471,"40.716309,49.252022",35025,443,1669355467
9532,"40.608673,49.332947",35000,442,1669355528
9595,"40.496841,49.417419",35000,446,1669355591
9656,"40.389095,49.504395",35000,447,1669355652
9677,"40.350037,49.529663",35000,444,1669355673
9680,"40.344543,49.532288",35000,443,1669355676
9683,"40.33873,49.53479",35000,442,1669355679
9686,"40.332596,49.537354",35000,442,1669355682
9689,"40.326599,49.539734",35000,442,1669355685
9692,"40.320663,49.542099",35000,442,1669355688
9695,"40.314751,49.544407",35000,442,1669355691
9756,"40.195438,49.589851",35000,441,1669355752
9819,"40.070206,49.637024",35000,444,1669355815
9880,"39.951416,49.68103",35000,442,1669355876
9940,"39.831444,49.72522",35000,444,1669355936
9964,"39.787216,49.747887",35000,445,1669355960
9967,"39.781631,49.751408",35000,445,1669355963
9970,"39.775269,49.755589",35000,446,1669355966
9973,"39.770645,49.758751",35000,446,1669355969
9976,"39.765804,49.762085",35000,446,1669355972
10037,"39.65897,49.840881",35000,448,1669356033
10096,"39.549572,49.920227",35000,450,1669356092
10161,"39.430305,50.006653",35000,448,1669356157
10222,"39.320301,50.085999",35000,447,1669356218
10285,"39.206669,50.167603",35000,448,1669356281
10346,"39.096291,50.246643",35000,451,1669356342
10407,"38.984798,50.326172",35000,453,1669356403
10470,"38.867535,50.409485",35000,453,1669356466
10531,"38.755554,50.488865",35000,454,1669356527
10592,"38.643105,50.568176",35000,456,1669356588
10653,"38.532303,50.646137",35000,455,1669356649
10714,"38.418072,50.726135",35000,454,1669356710
10775,"38.30722,50.803585",35000,453,1669356771
10837,"38.192871,50.883121",35000,456,1669356833
10898,"38.077122,50.959545",35000,457,1669356894
10910,"38.053383,50.970531",35000,455,1669356906
10913,"38.047329,50.97298",35000,455,1669356909
10916,"38.040718,50.97543",35000,454,1669356912
10974,"37.92334,50.994209",35000,445,1669356970
10977,"37.917076,50.993877",35000,444,1669356973
10980,"37.910706,50.99345",35000,444,1669356976
10983,"37.904274,50.992863",35000,443,1669356979
10986,"37.898224,50.992207",35000,442,1669356982
10989,"37.892166,50.991348",35000,442,1669356985
10992,"37.886307,50.990475",35000,442,1669356988
10995,"37.880253,50.989399",35000,441,1669356991
10998,"37.874062,50.988205",35000,440,1669356994
11059,"37.751862,50.961159",35000,438,1669357055
11120,"37.629868,50.934021",35000,440,1669357116
11181,"37.508972,50.907253",35400,440,1669357177
11242,"37.385265,50.879833",36000,439,1669357238
11305,"37.259766,50.85215",36000,440,1669357301
11366,"37.136909,50.825081",36000,439,1669357362
11427,"37.013729,50.797974",36000,439,1669357423
11487,"36.892464,50.771465",36000,437,1669357483
11551,"36.765141,50.743687",36000,440,1669357547
11615,"36.637356,50.715755",36000,441,1669357611
11682,"36.502029,50.685997",35675,438,1669357678
11741,"36.386856,50.652008",35025,429,1669357737
11742,"36.384933,50.650921",35025,429,1669357738
11746,"36.379395,50.647774",35000,429,1669357742
11748,"36.37429,50.644695",35000,430,1669357744
11752,"36.368774,50.641251",35000,429,1669357748
11755,"36.36319,50.637531",35000,429,1669357751
11758,"36.358292,50.634098",35000,430,1669357754
11761,"36.352386,50.629807",35000,429,1669357757
11764,"36.347214,50.626087",35000,429,1669357760
11826,"36.240173,50.549557",35000,431,1669357822
11889,"36.132359,50.472595",35000,433,1669357885
11949,"36.027008,50.39772",35000,434,1669357945
12011,"35.9198,50.321533",35000,434,1669358007
12072,"35.812729,50.245678",35000,433,1669358068
12133,"35.706299,50.170727",35000,434,1669358129
12194,"35.599228,50.095425",35000,438,1669358190
12256,"35.490189,50.018978",34675,444,1669358252
12317,"35.381836,49.943275",34100,436,1669358313
12378,"35.272629,49.867176",34000,446,1669358374
12440,"35.162476,49.79071",34025,442,1669358436
12501,"35.052933,49.714367",34000,444,1669358497
12511,"35.037636,49.700031",34000,440,1669358507
12514,"35.033119,49.694939",34000,439,1669358510
12517,"35.028835,49.68956",34000,438,1669358513
12520,"35.024734,49.683987",34000,437,1669358516
12523,"35.02066,49.678101",34000,437,1669358519
12526,"35.016907,49.672161",34000,436,1669358522
12530,"35.012871,49.665298",34000,436,1669358526
12532,"35.009674,49.659435",34000,436,1669358528
12535,"35.006516,49.65316",34000,435,1669358531
12538,"35.003448,49.646656",34000,436,1669358534
12542,"35.000534,49.63995",34000,436,1669358538
12544,"34.997955,49.633484",34000,435,1669358540
12547,"34.995552,49.627018",34000,434,1669358543
12551,"34.992992,49.619865",34000,434,1669358547
12554,"34.990246,49.61237",34000,434,1669358550
12557,"34.987793,49.605515",34000,434,1669358553
12560,"34.986149,49.600925",34000,434,1669358556
12563,"34.982658,49.591312",34000,434,1669358559
12622,"34.935452,49.460049",34000,437,1669358618
12687,"34.886711,49.311447",34000,437,1669358683
12747,"34.852249,49.171104",34000,430,1669358743
12810,"34.816463,49.026089",34000,429,1669358806
12873,"34.780289,48.880585",33975,428,1669358869
12936,"34.744263,48.73621",34000,431,1669358932
12999,"34.707348,48.589325",34000,428,1669358995
13063,"34.670944,48.445415",34000,424,1669359059
13126,"34.634171,48.30072",34000,425,1669359122
13189,"34.597549,48.15728",34000,421,1669359185
13253,"34.560745,48.013672",34000,422,1669359249
13315,"34.524536,47.87344",33975,421,1669359311
13379,"34.488052,47.732681",33975,406,1669359375
13441,"34.453033,47.598602",34000,408,1669359437
13505,"34.417465,47.462788",34000,410,1669359501
13567,"34.380707,47.323551",34025,403,1669359563
13627,"34.340378,47.198833",34000,404,1669359623
13691,"34.278881,47.076015",33975,404,1669359687
13751,"34.210075,46.966896",34025,407,1669359747
13814,"34.138596,46.855457",34000,399,1669359810
13854,"34.093277,46.785",34000,398,1669359850
13941,"33.995407,46.633545",34000,396,1669359937
14002,"33.925968,46.52647",34025,398,1669359998
14063,"33.857491,46.421242",33975,393,1669360059
14128,"33.784103,46.308773",34000,397,1669360124
14192,"33.711594,46.19796",34000,393,1669360188
14254,"33.641998,46.091938",34000,390,1669360250
14316,"33.573486,45.98608",34000,388,1669360312
14377,"33.512146,45.87962",33700,385,1669360373
14438,"33.446411,45.776897",33225,388,1669360434
14502,"33.37738,45.666706",33000,381,1669360498
14535,"33.343735,45.608917",33000,383,1669360531
14538,"33.341831,45.603409",33000,384,1669360534
14541,"33.340015,45.597298",33000,383,1669360537
14545,"33.33815,45.590187",33000,383,1669360541
14547,"33.337006,45.584858",33000,384,1669360543
14551,"33.335964,45.579361",33000,385,1669360547
14554,"33.33466,45.571011",33000,386,1669360550
14557,"33.333961,45.56501",33000,387,1669360553
14560,"33.333405,45.558563",33000,387,1669360556
14563,"33.333031,45.55212",33000,389,1669360559
14566,"33.332893,45.545616",33000,390,1669360562
14569,"33.332977,45.53833",33000,391,1669360565
14572,"33.33316,45.531792",33000,392,1669360568
14575,"33.333359,45.525944",33000,393,1669360571
14578,"33.333572,45.519157",33000,393,1669360574
14581,"33.333801,45.512733",33000,393,1669360577
14584,"33.334057,45.50621",33000,394,1669360580
14648,"33.339737,45.366417",33000,397,1669360644
14712,"33.345089,45.226059",33000,400,1669360708
14773,"33.350021,45.092377",33000,396,1669360769
14834,"33.354866,44.956223",33000,414,1669360830
14895,"33.350693,44.816418",33150,414,1669360891
14956,"33.33033,44.681229",33725,409,1669360952
15017,"33.308685,44.546871",34000,407,1669361013
15079,"33.286652,44.410255",34000,406,1669361075
15142,"33.276516,44.266605",34000,410,1669361138
15203,"33.269672,44.131519",34000,407,1669361199
15263,"33.262691,43.996601",34000,402,1669361259
15325,"33.255524,43.861347",34000,398,1669361321
15386,"33.248291,43.727619",34000,401,1669361382
15447,"33.240784,43.591278",34000,402,1669361443
15508,"33.233093,43.454277",34000,405,1669361504
15569,"33.225357,43.318924",34000,405,1669361565
15633,"33.21698,43.175667",34000,406,1669361629
15697,"33.208549,43.033672",34000,407,1669361693
15758,"33.200272,42.897545",34000,410,1669361754
15818,"33.191978,42.761814",34000,411,1669361814
15882,"33.182808,42.616585",34000,411,1669361878
15942,"33.174088,42.480888",34000,410,1669361938
16006,"33.1647,42.337215",34000,412,1669362002
16066,"33.15564,42.200356",34000,413,1669362062
16128,"33.146309,42.062222",34000,414,1669362124
16189,"33.136734,41.923004",34000,410,1669362185
16249,"33.12735,41.787323",34000,410,1669362245
16313,"33.117214,41.644573",34000,412,1669362309
16363,"33.10907,41.530617",34000,416,1669362359
16449,"33.094666,41.333477",34000,416,1669362445
16510,"33.084824,41.194832",34000,415,1669362506
16573,"33.085793,41.048847",34000,418,1669362569
16587,"33.086212,41.016785",34000,420,1669362583
16674,"33.088943,40.816021",34000,419,1669362670
16686,"33.089218,40.79427",34000,419,1669362682
16773,"33.091797,40.587982",34000,418,1669362769
16809,"33.092743,40.505547",34000,420,1669362805
16836,"33.093384,40.443642",34000,419,1669362832
16926,"33.095428,40.235687",34000,421,1669362922
16947,"33.09581,40.18766",34000,421,1669362943
17038,"33.097385,39.97583",34000,421,1669363034
17102,"33.098316,39.828747",34000,420,1669363098
17516,"33.080841,38.875011",34000,414,1669363512
17534,"33.071777,38.835899",34000,413,1669363530
17622,"33.021057,38.651989",34000,407,1669363618
17631,"33.014008,38.626778",34000,407,1669363627
17717,"32.963314,38.445702",34000,406,1669363713
17779,"32.926632,38.315269",34000,404,1669363775
17840,"32.890411,38.186829",34000,404,1669363836
17901,"32.853561,38.057243",34000,405,1669363897
17965,"32.81163,37.924477",34000,408,1669363961
17968,"32.808853,37.918358",34000,409,1669363964
17971,"32.806061,37.912361",34000,410,1669363967
17974,"32.803082,37.906364",34000,410,1669363970
18001,"32.773544,37.857128",34000,415,1669363997
18008,"32.766129,37.846966",34000,417,1669364004
18011,"32.761883,37.841511",34000,417,1669364007
18017,"32.752991,37.830708",34000,418,1669364013
18020,"32.748596,37.825706",34000,419,1669364016
18022,"32.744614,37.821312",34000,419,1669364018
18026,"32.739723,37.81612",34000,420,1669364022
18029,"32.735302,37.811634",34000,421,1669364025
18032,"32.731339,37.80769",34000,422,1669364028
18035,"32.726643,37.803226",34000,422,1669364031
18038,"32.721848,37.798855",34000,424,1669364034
18041,"32.717377,37.794891",34000,423,1669364037
18044,"32.712444,37.790672",34000,423,1669364040
18104,"32.617584,37.708702",34000,418,1669364100
18168,"32.517624,37.622681",33975,418,1669364164
18230,"32.421074,37.539948",34000,413,1669364226
18292,"32.325733,37.458389",34000,413,1669364288
18352,"32.233246,37.379555",34000,406,1669364348
18416,"32.134735,37.295673",34000,409,1669364412
18476,"32.042038,37.217064",34000,411,1669364472
18540,"31.943819,37.133957",34000,410,1669364536
18601,"31.850203,37.054924",34000,414,1669364597
18663,"31.753372,36.973412",34000,415,1669364659
18724,"31.657198,36.892693",34000,412,1669364720
18788,"31.558685,36.81023",34000,410,1669364784
18849,"31.46489,36.731926",34000,411,1669364845
18912,"31.366526,36.650063",33650,410,1669364908
18973,"31.271746,36.571289",33050,418,1669364969
19033,"31.175354,36.491413",32450,424,1669365029
19096,"31.073914,36.407505",31825,425,1669365092
19158,"30.973984,36.325165",31200,430,1669365154
19222,"30.872681,36.242065",30625,398,1669365218
19285,"30.77916,36.165108",30025,393,1669365281
19347,"30.686491,36.089264",30025,400,1669365343
19407,"30.593674,36.013615",30000,404,1669365403
19470,"30.498093,35.93573",30000,406,1669365466
19534,"30.398071,35.854527",30000,409,1669365530
19595,"30.303818,35.778217",30000,410,1669365591
19658,"30.205948,35.699051",30000,410,1669365654
19721,"30.108265,35.620312",30000,410,1669365717
19784,"30.009613,35.540985",30000,412,1669365780
19844,"29.916595,35.4664",30000,406,1669365840
19906,"29.822662,35.391136",30000,404,1669365902
19968,"29.72525,35.313332",30000,402,1669365964
20029,"29.63324,35.239967",30000,405,1669366025
20091,"29.547543,35.151833",30000,394,1669366087
20151,"29.475807,35.054951",30000,390,1669366147
20215,"29.397263,34.961082",28075,394,1669366211
20277,"29.305239,34.886063",25950,392,1669366273
20338,"29.216858,34.81636",24150,375,1669366334
20399,"29.129288,34.747433",22275,370,1669366395
20460,"29.044407,34.681145",21000,354,1669366456
20470,"29.030731,34.673012",20850,358,1669366466
20473,"29.026108,34.670898",20775,360,1669366469
20476,"29.021393,34.669102",20700,363,1669366472
20479,"29.016428,34.667465",20625,365,1669366475
20482,"29.011276,34.665985",20550,366,1669366478
20485,"29.006142,34.664558",20450,366,1669366481
20488,"29.001205,34.663265",20375,367,1669366484
20491,"28.996262,34.661972",20300,367,1669366487
20494,"28.991476,34.660736",20225,367,1669366490
20497,"28.986496,34.659443",20150,366,1669366493
20500,"28.98056,34.657906",20050,366,1669366496
20561,"28.880493,34.631813",18425,360,1669366557
20623,"28.780884,34.606037",16625,362,1669366619
20656,"28.726595,34.592014",15850,354,1669366652
20687,"28.678802,34.579784",15275,343,1669366683
20718,"28.631117,34.567513",14675,334,1669366714
20751,"28.581026,34.554588",13900,330,1669366747
20782,"28.53566,34.542866",13075,328,1669366778
20815,"28.486496,34.530399",12425,319,1669366811
20846,"28.443464,34.520119",11900,308,1669366842
20858,"28.426287,34.516026",11750,304,1669366854
20870,"28.409637,34.512016",11625,297,1669366866
20883,"28.393047,34.508003",11450,293,1669366879
20894,"28.377918,34.504395",11200,291,1669366890
20906,"28.361765,34.500519",10900,292,1669366902
20917,"28.348618,34.497334",10650,292,1669366913
20931,"28.329117,34.492527",10425,288,1669366927
20944,"28.311768,34.488354",10225,285,1669366940
20955,"28.298355,34.485237",10125,278,1669366951
20975,"28.272537,34.479111",9700,275,1669366971
20989,"28.254913,34.474888",9325,278,1669366985
21003,"28.238663,34.470924",8950,280,1669366999
21015,"28.2222,34.466911",8650,282,1669367011
21033,"28.199158,34.461365",8150,286,1669367029
21046,"28.182491,34.457378",7850,287,1669367042
21058,"28.166519,34.453548",7625,284,1669367054
21070,"28.151367,34.449955",7400,283,1669367066
21083,"28.134842,34.445995",7150,281,1669367079
21095,"28.119461,34.442245",6950,278,1669367091
21108,"28.103958,34.43853",6675,277,1669367104
21120,"28.08783,34.434532",6375,277,1669367116
21131,"28.073374,34.430775",6125,277,1669367127
21137,"28.066589,34.428986",6000,276,1669367133
21199,"27.993851,34.406223",4825,247,1669367195
21204,"27.988266,34.404163",4800,240,1669367200
21212,"27.979843,34.400463",4750,234,1669367208
21215,"27.977005,34.39909",4725,233,1669367211
21217,"27.975037,34.398087",4725,233,1669367213
21221,"27.970917,34.395973",4675,231,1669367217
21224,"27.968399,34.394653",4650,231,1669367220
21228,"27.964966,34.39286",4600,229,1669367224
21230,"27.961945,34.391327",4550,229,1669367226
21236,"27.956434,34.388447",4450,228,1669367232
21243,"27.950476,34.385429",4350,228,1669367239
21249,"27.944183,34.38224",4225,228,1669367245
21255,"27.938232,34.379337",4125,228,1669367251
21261,"27.932367,34.376537",4050,226,1669367257
21267,"27.926743,34.373837",4000,222,1669367263
21273,"27.921021,34.37109",3975,218,1669367269
21279,"27.916027,34.368774",3950,212,1669367275
21286,"27.909323,34.365604",3950,206,1669367282
21292,"27.903992,34.36311",3950,200,1669367288
21298,"27.899185,34.360931",3950,196,1669367294
21304,"27.893867,34.358475",3950,194,1669367300
21310,"27.888702,34.356113",3950,192,1669367306
21317,"27.88344,34.353722",3950,189,1669367313
21322,"27.878738,34.351608",3950,190,1669367318
21329,"27.873339,34.349072",3950,189,1669367325
21334,"27.869148,34.346748",3925,188,1669367330
21338,"27.866364,34.344818",3900,188,1669367334
21341,"27.864029,34.342846",3850,187,1669367337
21344,"27.862015,34.341084",3800,187,1669367340
21347,"27.859978,34.339142",3750,187,1669367343
21350,"27.858023,34.337292",3700,187,1669367346
21354,"27.855974,34.335285",3650,187,1669367350
21357,"27.854004,34.33326",3600,186,1669367353
21360,"27.852081,34.331291",3550,185,1669367356
21363,"27.85025,34.329426",3500,186,1669367359
21366,"27.848328,34.327457",3450,185,1669367362
21369,"27.846451,34.325436",3400,185,1669367365
21372,"27.844574,34.323467",3350,185,1669367368
21375,"27.842428,34.321236",3300,185,1669367371
21381,"27.838486,34.317039",3200,185,1669367377
21387,"27.834686,34.312996",3100,184,1669367383
21393,"27.83107,34.309162",3025,184,1669367389
21399,"27.827271,34.305122",3000,183,1669367395
21405,"27.823854,34.301483",2975,185,1669367401
21412,"27.819809,34.297138",2975,179,1669367408
21418,"27.816032,34.29319",3000,174,1669367414
21424,"27.812262,34.289227",3000,176,1669367420
21430,"27.808956,34.285423",3000,178,1669367426
21433,"27.807404,34.283096",2975,177,1669367429
21436,"27.806168,34.280506",2950,176,1669367432
21439,"27.805372,34.277924",2900,174,1669367435
21442,"27.804932,34.275166",2875,172,1669367438
21445,"27.80484,34.272575",2825,172,1669367441
21448,"27.805115,34.270142",2800,171,1669367444
21451,"27.80571,34.267601",2775,170,1669367447
21454,"27.806763,34.265011",2725,169,1669367450
21457,"27.808044,34.262886",2700,168,1669367453
21461,"27.810028,34.260494",2650,166,1669367457
21463,"27.810678,34.259861",2625,166,1669367459
21467,"27.813446,34.258015",2550,166,1669367463
21470,"27.816359,34.256905",2475,168,1669367466
21472,"27.817802,34.256584",2425,169,1669367468
21476,"27.821091,34.256252",2350,172,1669367472
21479,"27.823471,34.256199",2300,174,1669367475
21482,"27.826035,34.256252",2250,175,1669367478
21485,"27.828508,34.256374",2225,175,1669367481
21488,"27.830976,34.256535",2200,174,1669367484
21491,"27.833258,34.256798",2175,174,1669367487
21492,"27.834002,34.256851",2175,174,1669367488
21503,"27.843033,34.258858",2175,182,1669367499
21506,"27.84581,34.259827",2150,181,1669367502
21510,"27.848341,34.260971",2150,179,1669367506
21513,"27.850708,34.262264",2175,178,1669367509
21516,"27.852856,34.263664",2175,178,1669367512
21519,"27.854485,34.264877",2175,177,1669367515
21522,"27.857092,34.267097",2175,177,1669367518
21525,"27.858953,34.268894",2175,176,1669367521
21528,"27.860733,34.270763",2175,176,1669367524
21531,"27.862585,34.272747",2175,176,1669367527
21534,"27.864307,34.274597",2175,176,1669367530
21537,"27.866135,34.276516",2175,176,1669367533
21541,"27.867939,34.2784",2175,178,1669367537
21543,"27.869751,34.280296",2175,179,1669367539
21547,"27.871582,34.282162",2175,179,1669367543
21553,"27.875427,34.286152",2175,177,1669367549
21559,"27.879251,34.290073",2175,176,1669367555
21565,"27.883022,34.294086",2175,178,1669367561
21571,"27.886745,34.29789",2175,180,1669367567
21576,"27.889679,34.3009",2075,181,1669367572
21583,"27.894104,34.305431",1950,181,1669367579
21589,"27.897732,34.30909",1850,182,1669367585
21595,"27.901657,34.313049",1750,181,1669367591
21602,"27.905739,34.317379",1675,176,1669367598
21607,"27.908295,34.320045",1650,174,1669367603
